<?xml version="1.0" encoding="UTF-8"?>
<project-private xmlns="http://www.netbeans.org/ns/project-private/1">
    <editor-bookmarks xmlns="http://www.netbeans.org/ns/editor-bookmarks/2" lastBookmarkId="0"/>
    <open-files xmlns="http://www.netbeans.org/ns/projectui-open-files/2">
        <group>
            <file>file:/Users/damsara/NetBeansProjects/JavaApplication1/src/Ems/Reg1.java</file>
            <file>file:/Users/damsara/NetBeansProjects/JavaApplication1/src/Ems/LectureStudent.java</file>
            <file>file:/Users/damsara/NetBeansProjects/JavaApplication1/src/Ems/Logging_in.java</file>
            <file>file:/Users/damsara/NetBeansProjects/JavaApplication1/src/Ems/Login_lecture.java</file>
            <file>file:/Users/damsara/NetBeansProjects/JavaApplication1/src/Ems/Reg.java</file>
        </group>
    </open-files>
</project-private>
